<?xml version="1.0" encoding="UTF-8" standalone="yes"?>
<addon id="repository.RayRepo" name="RayRepo Alpha Repository" version="1.0" provider-name="Rayflix">
    <extension point="xbmc.addon.repository" name="RayRepo Alpha Repository">
        <dir>
            <info compressed="false">https://raw.githubusercontent.com/UpKobox/repository.RayRepo/master/repo/zips/addons.xml</info>
            <checksum>https://raw.githubusercontent.com/UpKobox/repository.RayRepo/master/repo/zips/addons.xml.md5</checksum>
            <datadir zip="true">https://raw.githubusercontent.com/UpKobox/repository.RayRepo/master/repo/zips/</datadir>
        </dir>
    </extension>
    <extension point="xbmc.addon.metadata">
        <summary>RayRepo Alpha Repository</summary>
        <description>Repo de Rayflix</description>
        <disclaimer></disclaimer>
        <platform>all</platform>
        <assets>
            <icon>icon.png</icon>
            <fanart>fanart.jpg</fanart>
        </assets>
    </extension>
</addon>